Tokyo Guidelines — critérios de GRAVIDADE da colecistite aguda	Grau I (leve): sem os critérios abaixo. Grau II (moderada): leucócitos >18.000, massa palpável no QSD, duração >72h, inflamação local marcada (abscesso, gangrena, enfisematosa). Grau III (grave): disfunção de qualquer órgão/sistema.	ENARE::01_Transversais escores
Tokyo Guidelines — critérios DIAGNÓSTICOS da colecistite aguda	A) sinais locais: Murphy, dor/massa/defesa em QSD. B) sinais sistêmicos: febre, PCR elevada, leucocitose. C) imagem compatível. Suspeita = 1 de A + 1 de B. Definitivo = A + B + C.	ENARE::01_Transversais escores
Tokyo Guidelines — critérios diagnósticos da COLANGITE aguda	A) inflamação sistêmica (febre/calafrios, PCR ou leucócitos alterados). B) colestase (icterícia, provas hepáticas alteradas). C) imagem (dilatação biliar ou etiologia). Suspeita = A + (B ou C). Definitivo = A + B + C.	ENARE::01_Transversais escores
Classificação de Hinchey (diverticulite complicada)	I: abscesso pericólico/mesentérico. II: abscesso pélvico ou retroperitoneal a distância. III: peritonite purulenta generalizada. IV: peritonite fecal.	ENARE::01_Transversais escores
Hinchey — conduta por estágio	I: ATB (± drenagem se >3-4 cm). II: drenagem percutânea + ATB. III e IV: cirurgia (Hartmann ou ressecção com anastomose ± ostomia de proteção; lavagem laparoscópica é opção controversa no III).	ENARE::01_Transversais escores
Classificação de Forrest (úlcera péptica sangrante)	Ia: sangramento arterial em jato. Ib: sangramento em babação. IIa: vaso visível não sangrante. IIb: coágulo aderido. IIc: hematina/mancha escura. III: base limpa.	ENARE::01_Transversais escores
Forrest — risco de ressangramento sem terapia	Ia ~55-90%. Ib ~50%. IIa ~43%. IIb ~22%. IIc ~10%. III ~5%. Terapia endoscópica indicada em Ia, Ib, IIa (e IIb após remoção do coágulo).	ENARE::01_Transversais escores
Critérios de Ranson — admissão (pancreatite BILIAR)	Idade >70, leucócitos >18.000, glicemia >220 mg/dL, LDH >400, AST >250.	ENARE::01_Transversais escores
Critérios de Ranson — admissão (pancreatite NÃO biliar)	Idade >55, leucócitos >16.000, glicemia >200 mg/dL, LDH >350, AST >250.	ENARE::01_Transversais escores
Critérios de Ranson — 48 horas	Queda do hematócrito >10%, aumento da ureia, cálcio <8 mg/dL, PaO2 <60 mmHg, déficit de base >4 (biliar >5), sequestro de líquidos >6 L (biliar >4 L).	ENARE::01_Transversais escores
Ranson — mortalidade por número de critérios	0-2: ~2%. 3-4: ~15%. 5-6: ~40%. 7-8: ~100%. ≥3 critérios = pancreatite grave.	ENARE::01_Transversais escores
Classificação de Balthazar (TC na pancreatite)	A: pâncreas normal. B: aumento focal/difuso. C: inflamação peripancreática. D: uma coleção líquida. E: duas ou mais coleções ou gás. Somado ao % de necrose gera o índice de gravidade tomográfico.	ENARE::01_Transversais escores
Classificação de Atlanta revisada (2012) — gravidade da pancreatite	Leve: sem falência orgânica nem complicação local. Moderadamente grave: falência orgânica transitória (<48h) ou complicação local/sistêmica. Grave: falência orgânica persistente (>48h).	ENARE::01_Transversais escores
Atlanta 2012 — coleções na pancreatite	<4 semanas: coleção líquida peripancreática aguda (edematosa) e coleção necrótica aguda (necrosante). >4 semanas: pseudocisto (edematosa) e necrose encapsulada / WON (necrosante).	ENARE::01_Transversais escores
Classificação de Nyhus (hérnias inguinais)	I: indireta com anel interno normal. II: indireta com anel dilatado, parede posterior íntegra. IIIa: direta. IIIb: indireta com destruição da parede posterior (inclui mista/pantalona). IIIc: femoral. IV: recidivadas (a direta, b indireta, c femoral, d combinada).	ENARE::01_Transversais escores
Classificação de Bismuth-Corlette (colangiocarcinoma peri-hilar)	I: abaixo da confluência dos hepáticos. II: atinge a confluência. IIIa: estende-se ao hepático direito. IIIb: estende-se ao hepático esquerdo. IV: atinge ambos os hepáticos ou é multifocal.	ENARE::01_Transversais escores
Classificação de Todani (cisto de colédoco)	I: dilatação fusiforme extra-hepática (mais comum, ~50-80%). II: divertículo do colédoco. III: coledococele. IVa: intra + extra-hepático. IVb: múltiplos extra-hepáticos. V: doença de Caroli (intra-hepático).	ENARE::01_Transversais escores
Classificação de Strasberg (lesão biliar pós-colecistectomia)	A: fístula do coto cístico ou ducto de Luschka. B: oclusão de ducto aberrante direito. C: secção de ducto aberrante direito sem oclusão. D: lesão lateral da via biliar principal. E1-E5: secção completa (equivale a Bismuth I-V).	ENARE::01_Transversais escores
Child-Pugh — variáveis	Bilirrubina, albumina, INR/TP, ascite e encefalopatia. A: 5-6 pontos. B: 7-9. C: 10-15.	ENARE::01_Transversais escores
MELD — variáveis	Bilirrubina, INR e creatinina (MELD-Na acrescenta o sódio). Prediz mortalidade em 3 meses e ordena a fila de transplante hepático.	ENARE::01_Transversais escores
Critérios de Milão (transplante no hepatocarcinoma)	Nódulo único ≤5 cm OU até 3 nódulos, cada um ≤3 cm, sem invasão vascular macroscópica nem metástase extra-hepática.	ENARE::01_Transversais escores
BCLC — estadiamento do hepatocarcinoma	0/A (precoce): ressecção, ablação ou transplante. B (intermediário): quimioembolização (TACE). C (avançado): terapia sistêmica (atezolizumabe+bevacizumabe, sorafenibe/lenvatinibe). D (terminal): suporte.	ENARE::01_Transversais escores
Escore de Alvarado (MANTRELS) — componentes e pontos	Migração da dor (1), Anorexia (1), Náusea/vômito (1), dor em FID (2), descompressão dolorosa/Rebound (1), Elevação da temperatura (1), Leucocitose (2), desvio à esquerda/Shift (1). Total 10.	ENARE::01_Transversais escores
Alvarado — interpretação	≤4: apendicite improvável. 5-6: possível, investigar com imagem. ≥7: alta probabilidade, indicação cirúrgica.	ENARE::01_Transversais escores
Escala de coma de Glasgow — pontuação máxima por item	Abertura ocular 4, resposta verbal 5, resposta motora 6. Total 3-15. Adicionar a reatividade pupilar (GCS-P) na versão atual do ATLS.	ENARE::01_Transversais escores
Classificação do choque hemorrágico (ATLS) — perda volêmica	Classe I: até 15%. Classe II: 15-30%. Classe III: 31-40%. Classe IV: >40%.	ENARE::01_Transversais escores
Choque hemorrágico — primeiro parâmetro a alterar em cada classe	Classe I: sem alterações. Classe II: taquicardia e taquipneia, PA normal, pressão de pulso reduzida. Classe III: hipotensão e alteração do nível de consciência. Classe IV: hipotensão grave, oligúria, letargia. Hemoderivados desde a classe III.	ENARE::01_Transversais escores
BI-RADS — categorias	0: inconclusivo, precisa de exame adicional. 1: normal. 2: achado benigno. 3: provavelmente benigno (<2% de malignidade), controle em 6 meses. 4: suspeito, biopsiar. 5: altamente suspeito (>95%). 6: malignidade já comprovada.	ENARE::01_Transversais escores
Classificação de Fontaine (doença arterial periférica)	I: assintomático. IIa: claudicação a mais de 200 m. IIb: claudicação a menos de 200 m. III: dor isquêmica em repouso. IV: lesão trófica/úlcera ou gangrena.	ENARE::01_Transversais escores
Classificação de Johnson (úlcera gástrica)	I: pequena curvatura/incisura angular, normo ou hipocloridria. II: gástrica + duodenal, hipercloridria. III: pré-pilórica, hipercloridria. IV: alta, justacárdica. V: relacionada a AINE, qualquer topografia.	ENARE::01_Transversais escores
Graus da doença hemorroidária	I: sangra, não prolapsa. II: prolapsa e reduz espontaneamente. III: prolapsa e precisa de redução manual. IV: prolapso irredutível.	ENARE::01_Transversais escores
Classificação de Parks (fístula anal)	Interesfincteriana (mais comum), transesfincteriana, supraesfincteriana e extraesfincteriana.	ENARE::01_Transversais escores
Breslow — pontos de corte no melanoma (AJCC 8ª ed.)	T1a: <0,8 mm sem ulceração. T1b: <0,8 mm com ulceração ou 0,8-1,0 mm. T2: 1,01-2,0 mm. T3: 2,01-4,0 mm. T4: >4,0 mm.	ENARE::01_Transversais escores
Melanoma — margens cirúrgicas por Breslow	In situ: 0,5-1,0 cm. ≤1 mm: 1 cm. 1,01-2 mm: 1-2 cm. >2 mm: 2 cm.	ENARE::01_Transversais escores
Melanoma — quando indicar linfonodo sentinela	Breslow ≥0,8 mm, ou <0,8 mm com ulceração/alto índice mitótico, na ausência de linfonodo clinicamente positivo.	ENARE::01_Transversais escores
Critérios de Spigelman	Estratificam a polipose duodenal na PAF por número, tamanho, histologia e grau de displasia dos pólipos. Estágio IV indica duodenopancreatectomia profilática.	ENARE::01_Transversais escores
Classificação de Clavien-Dindo	Gradua a gravidade das complicações pós-operatórias. I: desvio do curso normal sem tratamento. II: tratamento farmacológico. IIIa/IIIb: intervenção sem/com anestesia geral. IVa/IVb: disfunção de um órgão/múltiplos. V: óbito.	ENARE::01_Transversais escores
Classificação de Haggitt	Aplica-se ao pólipo PEDICULADO com adenocarcinoma invasor. Nível 4 (invasão da submucosa da parede) indica pior prognóstico. Para pólipo séssil usa-se a classificação de Kikuchi (sm1-sm3).	ENARE::01_Transversais escores
Critérios de Light	Diferenciam exsudato de transudato no derrame pleural: proteína pleural/sérica >0,5, LDH pleural/sérica >0,6 ou LDH pleural acima de 2/3 do limite superior sérico. Um critério já define exsudato.	ENARE::01_Transversais escores
Escore de Rockall	Estratifica risco de ressangramento e mortalidade na HDA. Inclui idade, choque, comorbidades e, na versão completa, o achado endoscópico e o estigma de sangramento.	ENARE::01_Transversais escores
Graus de hipertensão intra-abdominal	PIA normal 5-7 mmHg. HIA quando ≥12 mmHg. Grau I: 12-15. II: 16-20. III: 21-25. IV: >25. Síndrome compartimental abdominal = PIA >20 mmHg com nova disfunção orgânica.	ENARE::01_Transversais escores
Sinal de Murphy	Interrupção da inspiração pela dor à palpação profunda do hipocôndrio direito. Sugere colecistite aguda.	ENARE::01_Transversais eponimos
Sinal de Rovsing	Dor na fossa ilíaca DIREITA provocada pela palpação da fossa ilíaca esquerda. Apendicite.	ENARE::01_Transversais eponimos
Sinal do obturador e sinal do psoas	Obturador: dor à rotação interna do quadril direito fletido (apêndice pélvico). Psoas: dor à extensão da coxa direita (apêndice retrocecal).	ENARE::01_Transversais eponimos
Sinal de Dunphy	Dor na fossa ilíaca direita desencadeada pela tosse. Apendicite.	ENARE::01_Transversais eponimos
Sinal de Blumberg	Dor à descompressão brusca no ponto de McBurney (irritação peritoneal).	ENARE::01_Transversais eponimos
Sinal de Aaron	Dor ou sensação de pressão no epigástrio/tórax anterior à pressão sustentada sobre o ponto de McBurney.	ENARE::01_Transversais eponimos
Sinal de Ten Horn	Dor em FID à tração suave do testículo direito. Apendicite.	ENARE::01_Transversais eponimos
Sinal de Kehr	Dor referida no ombro ESQUERDO por irritação diafragmática — clássico de hemoperitônio/lesão esplênica.	ENARE::01_Transversais eponimos
Sinal de Cullen e sinal de Grey-Turner	Cullen: equimose periumbilical. Grey-Turner: equimose em flancos. Ambos indicam hemorragia retroperitoneal, classicamente na pancreatite necro-hemorrágica.	ENARE::01_Transversais eponimos
Nódulo da Irmã Maria José	Nódulo umbilical endurecido por metástase de neoplasia intra-abdominal (mais comum gástrica, pancreática ou ovariana). Indica doença avançada.	ENARE::01_Transversais eponimos
Tríade de Charcot e pêntade de Reynolds	Charcot: febre + icterícia + dor em hipocôndrio direito (colangite). Reynolds: acrescenta hipotensão e alteração do estado mental (colangite tóxica/supurativa).	ENARE::01_Transversais eponimos
Tríade de Saint	Colelitíase + hérnia hiatal + doença diverticular do cólon.	ENARE::01_Transversais eponimos
Tríade de Quincke	Dor em hipocôndrio direito + icterícia + hemorragia digestiva. Define a hemobilia.	ENARE::01_Transversais eponimos
Tríade de Beck	Hipotensão + turgência jugular + abafamento de bulhas. Tamponamento cardíaco.	ENARE::01_Transversais eponimos
Tríade clássica do cisto de colédoco	Dor abdominal + icterícia + massa palpável em hipocôndrio direito (completa em menos de 20% dos casos).	ENARE::01_Transversais eponimos
Tríade do íleo biliar (tríade de Rigler)	Pneumobilia (aerobilia) + obstrução intestinal + cálculo ectópico. NÃO cursa com icterícia — a obstrução é intestinal, não biliar.	ENARE::01_Transversais eponimos
Triângulo de Calot	Delimitado pelo ducto cístico, ducto hepático comum e borda inferior do fígado. Contém a artéria cística.	ENARE::01_Transversais eponimos
Visão crítica de segurança (Strasberg)	Triângulo hepatocístico limpo de gordura e fibrose, terço inferior da vesícula descolado do leito hepático, e apenas duas estruturas entrando na vesícula (ducto e artéria císticos).	ENARE::01_Transversais eponimos
Triângulo de Hesselbach	Limites: vasos epigástricos inferiores (lateral), borda lateral do reto abdominal (medial) e ligamento inguinal (inferior). Hérnias DIRETAS emergem por dentro dele.	ENARE::01_Transversais eponimos
Triângulo da morte (doom) — laparoscopia da hérnia inguinal	Entre o ducto deferente (medial) e os vasos gonadais (lateral). Contém os vasos ilíacos externos. Não grampear.	ENARE::01_Transversais eponimos
Triângulo da dor — laparoscopia da hérnia inguinal	Lateral aos vasos gonadais e inferior ao trato iliopúbico. Contém os nervos cutâneo femoral lateral, femoral e genitofemoral.	ENARE::01_Transversais eponimos
Corona mortis	Anastomose entre a artéria obturatória e a epigástrica inferior/ilíaca externa, cruzando o ramo superior do púbis. Fonte de sangramento grave na correção de hérnia femoral.	ENARE::01_Transversais eponimos
Triângulo de Killian	Entre as fibras oblíquas do músculo tireofaríngeo e as fibras horizontais do cricofaríngeo. Local de herniação do divertículo de Zenker.	ENARE::01_Transversais eponimos
Divertículo de Zenker — natureza e tratamento	Divertículo FALSO, de pulsão, por hipertonia do cricofaríngeo. Diagnóstico pelo esofagograma contrastado (a endoscopia tem risco de perfuração). Tratamento: miotomia do cricofaríngeo, com diverticulectomia ou diverticulopexia; opção endoscópica com grampeador.	ENARE::01_Transversais eponimos
Divertículos esofágicos — mecanismo por localização	Faringoesofágico (Zenker) e epifrênico: de PULSÃO, associados a distúrbio motor. Médio-esofágico (parabrônquico): de TRAÇÃO, associado a doença inflamatória mediastinal.	ENARE::01_Transversais eponimos
Síndrome de Boerhaave × Mallory-Weiss	Boerhaave: ruptura transmural do esôfago distal após vômitos, geralmente à esquerda — emergência cirúrgica. Mallory-Weiss: laceração da mucosa na junção esofagogástrica, autolimitada em ~90% dos casos.	ENARE::01_Transversais eponimos
Síndrome de Ogilvie	Pseudo-obstrução colônica aguda, sem obstáculo mecânico. Tratamento: correção hidroeletrolítica, suspensão de opioides/anticolinérgicos, neostigmina e descompressão colonoscópica se ceco >12 cm ou refratário.	ENARE::01_Transversais eponimos
Síndrome de Wilkie (pinça aortomesentérica)	Compressão da TERCEIRA porção do duodeno entre a artéria mesentérica superior e a aorta, tipicamente após perda ponderal importante. Cursa com vômitos biliosos e dor pós-prandial.	ENARE::01_Transversais eponimos
Lesão de Dieulafoy	Artéria submucosa dilatada e tortuosa que erode a mucosa (mais comum no fundo gástrico) causando HDA maciça sem úlcera.	ENARE::01_Transversais eponimos
Regra de Goodsall	Orifício externo ANTERIOR: trajeto retilíneo radial para a cripta. Orifício externo POSTERIOR: trajeto curvo, drenando na linha média posterior.	ENARE::01_Transversais eponimos
Manobra de Pringle	Clampeamento do ligamento hepatoduodenal (artéria hepática e veia porta). Se o sangramento persiste, suspeitar de lesão de veias hepáticas ou da veia cava retro-hepática.	ENARE::01_Transversais eponimos
Técnica de Sistrunk	Ressecção do cisto do ducto tireoglosso com o corpo do osso hioide e o trajeto até a base da língua. Reduz a recidiva.	ENARE::01_Transversais eponimos
Disfagia lusória	Disfagia por compressão do esôfago por artéria subclávia direita aberrante (originada distalmente do arco aórtico).	ENARE::01_Transversais eponimos
Ponto de Palmer	Local alternativo de punção para o pneumoperitônio, na linha hemiclavicular esquerda abaixo do rebordo costal. Usado quando há cirurgia prévia ou aderências periumbilicais.	ENARE::01_Transversais eponimos
Arco de Riolan e arcada de Drummond	Ambos conectam a artéria mesentérica superior à inferior. O arco de Riolan é a comunicação central/curta; a arcada marginal de Drummond é a periférica. Garantem circulação colateral do cólon.	ENARE::01_Transversais eponimos
Ligamento de Treitz	Marca a transição duodenojejunal e separa hemorragia digestiva alta de baixa.	ENARE::01_Transversais eponimos
Ligamento de Cooper (pectíneo)	Estrutura de fixação da tela/sutura na técnica de McVay e na correção de hérnia femoral.	ENARE::01_Transversais eponimos
Triângulo de Passaro	Área com maior frequência de gastrinomas: entre a junção do ducto cístico com o colédoco, a junção da 2ª com a 3ª porção do duodeno e o colo/corpo do pâncreas.	ENARE::01_Transversais eponimos
Cirurgia de Hartmann	Ressecção do segmento retossigmoide com colostomia terminal e fechamento do coto retal. Indicada quando a anastomose primária é insegura (peritonite fecal, instabilidade).	ENARE::01_Transversais eponimos
Cirurgia de Kasai	Portoenterostomia hepática para atresia de vias biliares. Melhor resultado se realizada antes das 8 semanas de vida.	ENARE::01_Transversais eponimos
Dose máxima de lidocaína	Sem vasoconstritor: 4,5-5 mg/kg (máximo ~300 mg). Com vasoconstritor: 7 mg/kg (máximo ~500 mg).	ENARE::01_Transversais numeros
Fórmula de reposição na queimadura — ABA atualizada	2 mL x peso (kg) x %SCQ de Ringer lactato nas primeiras 24h; METADE nas primeiras 8 horas contadas do momento da queimadura. (A fórmula de Parkland clássica usava 4 mL.)	ENARE::01_Transversais numeros
Idade de início do rastreamento de câncer colorretal em risco médio	45 anos. Manter até 75 anos; entre 76 e 85 anos é individualizado; acima de 85 não se recomenda.	ENARE::01_Transversais numeros
Colecistectomia na colelitíase ASSINTOMÁTICA — indicações	Cálculo >2,5-3 cm, vesícula em porcelana, pólipo associado >1 cm, anomalia da junção pancreatobiliar, candidato a transplante, cirurgia bariátrica concomitante (em alguns protocolos) e anemias hemolíticas. Diabetes isolado NÃO é indicação.	ENARE::01_Transversais numeros
qSOFA — critérios	Frequência respiratória ≥22 irpm, pressão arterial sistólica ≤100 mmHg e alteração do estado mental (Glasgow <15). Dois ou mais indicam pior prognóstico.	ENARE::01_Transversais numeros
Índice tornozelo-braquial — interpretação	≥1,3: incompressível (calcificação). 0,9-1,3: normal. 0,7-0,89: doença leve. 0,4-0,69: moderada. <0,4: isquemia crítica.	ENARE::01_Transversais numeros
Margens cirúrgicas no câncer de reto	Distal: 2 cm (aceita-se 1 cm em tumores do reto baixo). Circunferencial (radial): >1 mm. Excisão total do mesorreto obrigatória em reto médio e baixo.	ENARE::01_Transversais numeros
Número mínimo de linfonodos para estadiamento adequado no câncer colorretal	12 linfonodos avaliados.	ENARE::01_Transversais numeros
Critérios de bom prognóstico após polipectomia com carcinoma invasor	Margem livre >1-2 mm, tumor bem ou moderadamente diferenciado, ausência de invasão linfovascular, ausência de brotamento tumoral e invasão superficial (sm1 / Haggitt 1-3). Preenchidos todos: seguimento. Qualquer critério desfavorável: colectomia segmentar.	ENARE::01_Transversais numeros
Ceco — diâmetro crítico de perfuração	Acima de 12 cm há risco iminente de perfuração. Pela lei de Laplace, o ceco é o segmento de maior diâmetro e portanto maior tensão parietal.	ENARE::01_Transversais numeros
Regra dos 2 do divertículo de Meckel	2% da população, 2 pés (60 cm) da válvula ileocecal, 2 polegadas de comprimento, 2 tipos de mucosa ectópica (gástrica e pancreática), 2% sintomáticos, geralmente antes dos 2 anos.	ENARE::01_Transversais numeros
Tumor neuroendócrino do apêndice — corte de tamanho	<1 cm: apendicectomia. >2 cm, invasão do mesoapêndice >3 mm ou acometimento da base: hemicolectomia direita. Entre 1 e 2 cm: individualizar.	ENARE::01_Transversais numeros
GIST — quando indicar imatinibe adjuvante	Alto risco de recidiva pelo tamanho e índice mitótico (ex.: >5 cm com >5 mitoses/50 CGA, ou >10 cm, ou ruptura tumoral). Duração de 3 anos.	ENARE::01_Transversais numeros
Antibioticoprofilaxia cirúrgica — janela e repique	Infundir dentro de 60 minutos antes da incisão (120 min para vancomicina e fluoroquinolonas). Repetir a dose se a cirurgia exceder 2 meias-vidas do fármaco (cefazolina: ~4h) ou se houver perda sanguínea >1500 mL.	ENARE::01_Transversais numeros
Definição temporal de infecção de sítio cirúrgico	Até 30 dias do procedimento; até 90 dias quando há implante de prótese permanente.	ENARE::01_Transversais numeros
Diverticulite aguda não complicada — conduta atual	Casos selecionados (imunocompetente, sem comorbidade, sem sinais sistêmicos) podem ser tratados SEM antibiótico, ambulatorialmente, com dieta e analgesia. Colonoscopia 6-8 semanas após o episódio, se não realizada recentemente.	ENARE::02_Nucleo colon_reto
Por que NÃO fazer colonoscopia na fase aguda da diverticulite?	Risco de perfuração. Deve ser adiada por 6-8 semanas, quando então é indicada para excluir neoplasia.	ENARE::02_Nucleo colon_reto
Diverticulite — indicação de cirurgia eletiva	Individualizada: não mais pelo número de episódios. Considerar em fístula, estenose, imunossupressão, episódio complicado tratado conservadoramente ou sintomas recorrentes com impacto na qualidade de vida.	ENARE::02_Nucleo colon_reto
Fístula mais comum na doença diverticular	Colovesical, mais frequente em homens (o útero protege a bexiga). Manifesta-se com pneumatúria e fecalúria.	ENARE::02_Nucleo colon_reto
Cólon direito × esquerdo — apresentação do câncer	Direito: anemia ferropriva, massa palpável, sangramento oculto, obstrução tardia. Esquerdo: alteração do hábito intestinal, sangue vivo nas fezes, obstrução precoce (fezes formadas e luz menor).	ENARE::02_Nucleo colon_reto
Câncer de reto — exame para estadiamento LOCAL	Ressonância magnética de pelve (avalia margem circunferencial e mesorreto). A ultrassonografia endorretal é útil em tumores precoces. TC de tórax e abdome para doença a distância.	ENARE::02_Nucleo colon_reto
Câncer de reto — quando indicar neoadjuvância	Tumores localmente avançados: cT3-T4 e/ou linfonodos positivos, especialmente do reto médio e baixo, ou margem circunferencial ameaçada. Tendência atual: terapia neoadjuvante total (TNT).	ENARE::02_Nucleo colon_reto
Watch and wait no câncer de reto	Conduta não operatória em pacientes com resposta clínica completa após neoadjuvância, com seguimento rigoroso. Exige protocolo e adesão do paciente.	ENARE::02_Nucleo colon_reto
Volvo de sigmoide — tratamento inicial e definitivo	Sem sinais de sofrimento de alça ou peritonite: descompressão endoscópica. Como a recidiva é alta, indicar sigmoidectomia eletiva na MESMA internação. Com peritonite ou necrose: laparotomia com ressecção (Hartmann).	ENARE::02_Nucleo colon_reto
Volvo de ceco — por que não se trata endoscopicamente?	A descompressão endoscópica raramente é eficaz. O tratamento é cirúrgico: colectomia direita (ou cecopexia em casos selecionados).	ENARE::02_Nucleo colon_reto
Síndrome de Lynch — genes e rastreamento	Mutação em genes de reparo do DNA: MLH1, MSH2, MSH6, PMS2 e deleção do EPCAM. Colonoscopia a cada 1-2 anos a partir dos 20-25 anos. Rastrear também endométrio, ovário, estômago e urotélio.	ENARE::02_Nucleo colon_reto
Lynch — cirurgia indicada quando há câncer de cólon	Colectomia total com anastomose ileorretal, pelo alto risco de tumor metacrônico.	ENARE::02_Nucleo colon_reto
Polipose adenomatosa familiar — gene e conduta	Mutação do gene APC. Colectomia profilática (proctocolectomia com bolsa ileal ou colectomia com anastomose ileorretal) na 2ª-3ª década. Vigilância duodenal por Spigelman.	ENARE::02_Nucleo colon_reto
Manifestações extracolônicas da PAF	Tumores desmoides, osteomas, hipertrofia congênita do epitélio pigmentar da retina, cistos epidermoides, adenomas duodenais e periampulares, carcinoma papilífero de tireoide e hepatoblastoma.	ENARE::02_Nucleo colon_reto
Doença de Crohn × retocolite ulcerativa — diferenças-chave	Crohn: transmural, da boca ao ânus, salteada, granuloma não caseoso, pedras de calçamento, fístulas e estenoses, poupa o reto com frequência. RCU: mucosa/submucosa, contínua e ascendente a partir do reto, pseudopólipos, sem fístula, associada a megacólon tóxico.	ENARE::02_Nucleo colon_reto
Crohn — princípio cirúrgico fundamental	Preservação intestinal: ressecções econômicas com margens macroscópicas livres (não é necessária margem microscópica) e estricturoplastia quando possível. A cirurgia não cura a doença.	ENARE::02_Nucleo colon_reto
Ileostomia de alto débito — distúrbios esperados	Depleção de sódio e água, hipocalemia, hipomagnesemia e desidratação com insuficiência renal pré-renal. Manejar com dieta hipertônica em sódio, restrição de líquidos hipotônicos, antidiarreicos e inibidor de bomba de prótons.	ENARE::02_Nucleo colon_reto
Colite pseudomembranosa grave/fulminante — tratamento cirúrgico	Colectomia total com ileostomia terminal; alternativa é a ileostomia em alça com lavagem anterógrada do cólon.	ENARE::02_Nucleo colon_reto
Hemorragia digestiva baixa — causa mais comum no idoso	Doença diverticular, seguida de angiodisplasia. Neoplasia raramente causa sangramento maciço.	ENARE::02_Nucleo colon_reto
HDB — sequência de investigação	Excluir causa alta (sonda/endoscopia se instável ou suspeita). Estável: colonoscopia após preparo. Sangramento ativo intenso: angiotomografia e depois arteriografia com embolização. Cirurgia quando refratário.	ENARE::02_Nucleo colon_reto
Colecistite aguda — momento da colecistectomia	Colecistectomia laparoscópica PRECOCE, na mesma internação, preferencialmente nas primeiras 72 horas do início dos sintomas. Postergar aumenta morbidade e conversão.	ENARE::02_Nucleo vias_biliares
Colecistostomia percutânea — indicação	Paciente Tokyo III ou de altíssimo risco cirúrgico que não responde ao tratamento clínico. Ponte para colecistectomia posterior.	ENARE::02_Nucleo vias_biliares
Coledocolitíase — estratificação de risco (ASGE)	Alto risco (cálculo visível na imagem, colangite, bilirrubina >4 com via biliar dilatada): CPRE pré-operatória. Risco intermediário: colangiorressonância, ecoendoscopia ou colangiografia intraoperatória. Baixo risco: colecistectomia direta.	ENARE::02_Nucleo vias_biliares
Complicação mais frequente da CPRE	Pancreatite pós-CPRE. Profilaxia: anti-inflamatório retal (indometacina/diclofenaco), hidratação com Ringer lactato e prótese pancreática em casos selecionados.	ENARE::02_Nucleo vias_biliares
Fatores de risco para pancreatite pós-CPRE	Mulher jovem, disfunção do esfíncter de Oddi, via biliar não dilatada, canulação difícil ou repetida do ducto pancreático, CPRE com finalidade diagnóstica e ausência de pancreatite crônica.	ENARE::02_Nucleo vias_biliares
Colangite aguda — conduta	Antibioticoterapia + ressuscitação + DRENAGEM BILIAR, preferencialmente por CPRE. Na colangite grave a drenagem deve ser urgente (idealmente em até 24h).	ENARE::02_Nucleo vias_biliares
Colangite — germes mais frequentes	Enterobactérias: E. coli, Klebsiella, Enterobacter, além de Enterococcus e Pseudomonas.	ENARE::02_Nucleo vias_biliares
Íleo biliar — tratamento	Enterolitotomia para retirar o cálculo (geralmente impactado no íleo terminal). A abordagem da fístula colecistoentérica e a colecistectomia no mesmo tempo só em pacientes selecionados e estáveis.	ENARE::02_Nucleo vias_biliares
Colecistectomia em paciente com Bypass gástrico prévio e coledocolitíase	A CPRE convencional é inviável pelo estômago excluso. Opções: CPRE transgástrica assistida por laparoscopia, exploração laparoscópica da via biliar ou acesso ecoendoscópico.	ENARE::02_Nucleo vias_biliares
Vesícula em porcelana — relevância	Calcificação da parede associada a risco aumentado de carcinoma de vesícula. Indicação de colecistectomia mesmo assintomática.	ENARE::02_Nucleo vias_biliares
Câncer de vesícula descoberto no anatomopatológico — conduta por T	Tis e T1a: colecistectomia é suficiente. A partir de T1b: ressecção hepática dos segmentos IVb/V + linfadenectomia do hilo, e ressecção dos portais se houve laparoscopia.	ENARE::02_Nucleo vias_biliares
Colangiocarcinoma peri-hilar — tratamento	Ressecção da via biliar extra-hepática + hepatectomia (frequentemente com ressecção do lobo caudado) + linfadenectomia, com reconstrução em Y de Roux. Avaliar volume hepático remanescente e drenagem pré-operatória se icterícia importante.	ENARE::02_Nucleo vias_biliares
DRGE — conduta inicial sem sinais de alarme	Prova terapêutica com inibidor de bomba de prótons e medidas comportamentais. Endoscopia indicada se sinais de alarme (disfagia, emagrecimento, anemia, sangramento, vômitos persistentes), idade mais avançada ou refratariedade.	ENARE::02_Nucleo esofago_estomago
DRGE — exames obrigatórios antes da fundoplicatura	Endoscopia digestiva alta, pHmetria de 24h (ou impedanciopHmetria) e ESOFAGOMANOMETRIA, para excluir distúrbio motor e escolher o tipo de válvula.	ENARE::02_Nucleo esofago_estomago
Esôfago de Barrett — definição e seguimento	Substituição do epitélio escamoso por epitélio colunar com metaplasia INTESTINAL confirmada por biópsia. Sem displasia: endoscopia a cada 3-5 anos. Displasia de baixo grau: ablação por radiofrequência ou vigilância anual. Alto grau ou adenocarcinoma intramucoso: ressecção endoscópica + ablação.	ENARE::02_Nucleo esofago_estomago
Acalasia — diagnóstico	Esofagomanometria é o padrão-ouro: aperistalse do corpo esofágico e relaxamento incompleto do esfíncter inferior. Esofagografia mostra o 'bico de pássaro'. Endoscopia obrigatória para excluir pseudoacalasia (neoplasia).	ENARE::02_Nucleo esofago_estomago
Acalasia — tratamento por grau de dilatação (classificação brasileira)	Graus I e II (não avançado): cardiomiotomia de Heller com fundoplicatura parcial, ou POEM, ou dilatação pneumática. Graus III e IV (megaesôfago avançado/dolicomegaesôfago): esofagectomia ou cirurgia de Serra-Dória.	ENARE::02_Nucleo esofago_estomago
Câncer de esôfago — tipos e fatores de risco	Carcinoma escamoso: terço médio, tabagismo, etilismo, bebidas quentes, acalasia, lesão cáustica. Adenocarcinoma: terço distal, DRGE/Barrett, obesidade. Sintoma principal: disfagia progressiva, geralmente já avançada.	ENARE::02_Nucleo esofago_estomago
Câncer de esôfago — estadiamento	Endoscopia com biópsia, TC de tórax e abdome, PET-CT e ecoendoscopia (melhor para T e N). Broncoscopia se tumor acima da carina.	ENARE::02_Nucleo esofago_estomago
Úlcera péptica perfurada — tratamento	Rafia primária com epiploplastia (patch de Graham), lavagem da cavidade e tratamento do H. pylori. Ressecção reservada a úlceras gigantes ou suspeita de neoplasia.	ENARE::02_Nucleo esofago_estomago
Úlcera duodenal sangrante refratária à endoscopia — conduta	Nova tentativa endoscópica ou embolização angiográfica. Cirurgia: duodenotomia com ligadura da artéria gastroduodenal (sutura em três pontos, incluindo a pancreatoduodenal transversa).	ENARE::02_Nucleo esofago_estomago
Câncer gástrico precoce — definição	Tumor restrito à mucosa ou submucosa, INDEPENDENTEMENTE do acometimento linfonodal.	ENARE::02_Nucleo esofago_estomago
Câncer gástrico — critérios para ressecção endoscópica	Adenocarcinoma bem diferenciado, intramucoso, sem ulceração e ≤2 cm (critérios expandidos ampliam tamanho e permitem ulceração/invasão sm1 superficial), sem invasão linfovascular.	ENARE::02_Nucleo esofago_estomago
Câncer gástrico — extensão da linfadenectomia e margens	Linfadenectomia D2 é o padrão. Margem proximal de 3 cm em tumores expansivos (Borrmann I-II) e 5 cm em infiltrativos (Borrmann III-IV).	ENARE::02_Nucleo esofago_estomago
Linfoma gástrico — subtipo mais comum e tratamento	Linfoma MALT (tecido linfoide associado à mucosa). No estágio inicial associado ao H. pylori, a ERRADICAÇÃO do H. pylori promove remissão na maioria dos casos. A translocação t(11;18) prediz não resposta.	ENARE::02_Nucleo esofago_estomago
GIST — marcador e tratamento	CD117 (c-KIT) positivo; DOG-1 útil nos KIT-negativos. Localização mais comum: estômago. Tratamento: ressecção com margem livre, SEM linfadenectomia (dissemina por via hematogênica). Imatinibe conforme o risco.	ENARE::02_Nucleo esofago_estomago
Grelina	Hormônio orexígeno ('da fome') secretado principalmente pelas células do FUNDO gástrico. Sua redução após a gastrectomia vertical contribui para a perda de peso.	ENARE::02_Nucleo esofago_estomago
Síndrome de dumping precoce × tardio	Precoce (15-30 min): distensão jejunal e liberação de peptídeos vasoativos — dor, diarreia, taquicardia, sudorese. Tardio (2-3h): hipoglicemia reativa por hiperinsulinemia. Tratamento inicial de ambos é dietético (fracionar, evitar carboidratos simples, separar líquidos das refeições).	ENARE::02_Nucleo esofago_estomago
Pancreatite aguda — diagnóstico	Dois de três: dor abdominal característica, amilase/lipase três vezes acima do limite superior, imagem compatível. Com dois critérios clínico-laboratoriais a TC NÃO é necessária na admissão.	ENARE::02_Nucleo pancreas
Quando pedir TC na pancreatite aguda?	Idealmente após 72 horas, em caso de dúvida diagnóstica, ausência de melhora ou piora clínica, ou suspeita de complicação local. TC precoce subestima a necrose.	ENARE::02_Nucleo pancreas
Pancreatite aguda — fluidoterapia atual	Hidratação com Ringer lactato em ritmo MODERADO e guiada por metas (o estudo WATERFALL mostrou mais sobrecarga com hidratação agressiva). Nutrição enteral precoce; jejum prolongado e nutrição parenteral não são recomendados.	ENARE::02_Nucleo pancreas
Pancreatite aguda biliar LEVE — momento da colecistectomia	Na mesma internação, após a melhora clínica. Adiar aumenta o risco de recorrência.	ENARE::02_Nucleo pancreas
CPRE na pancreatite biliar — indicação	Apenas quando há colangite associada ou obstrução biliar persistente. Não é indicada de rotina.	ENARE::02_Nucleo pancreas
Necrose pancreática infectada — tratamento	Abordagem em etapas (step-up): antibiótico, drenagem percutânea ou transgástrica e, se necessário, necrosectomia minimamente invasiva. Postergar a intervenção idealmente para além de 4 semanas (necrose encapsulada).	ENARE::02_Nucleo pancreas
Antibiótico profilático na pancreatite necrosante estéril	NÃO indicado. Só na infecção documentada ou fortemente suspeita.	ENARE::02_Nucleo pancreas
Pancreatite crônica — tríade e conduta	Dor, insuficiência exócrina (esteatorreia) e endócrina (diabetes). Tratamento: cessação do álcool, enzimas pancreáticas, analgesia. Cirurgia de drenagem (Puestow) se ducto dilatado; ressecção/híbridas (Frey, Beger) conforme a doença da cabeça.	ENARE::02_Nucleo pancreas
Adenocarcinoma de pâncreas — critérios de ressecabilidade	Baseiam-se no contato com vasos: ressecável (sem contato com artérias, ≤180° na veia mesentérica/porta sem deformidade), borderline e localmente avançado (>180° no tronco celíaco/mesentérica superior). CA 19-9 é marcador de seguimento, não diagnóstico.	ENARE::02_Nucleo pancreas
IPMN — quando ressecar	Ducto principal ou tipo misto: ressecção. Ramo secundário: avaliar estigmas de alto risco (icterícia, componente sólido captante, ducto ≥10 mm) e características preocupantes (cisto ≥3 cm, ducto 5-9 mm, nódulo mural, linfonodo, CA 19-9 elevado, pancreatite).	ENARE::02_Nucleo pancreas
Fístula pancreática pós-operatória — definição (ISGPS)	Amilase no dreno acima de três vezes o valor sérico a partir do 3º dia. Bioquímica (antigo grau A) sem repercussão; grau B exige mudança de conduta; grau C exige reoperação ou cursa com falência orgânica/óbito.	ENARE::02_Nucleo pancreas
Gastrinoma (Zollinger-Ellison)	Úlceras múltiplas, refratárias ou em topografia atípica, com diarreia. Gastrina sérica elevada com pH gástrico ácido; teste da secretina. Associado à NEM-1 em 20-25%. Localiza-se no triângulo de Passaro.	ENARE::02_Nucleo pancreas
Tríade letal do trauma	Hipotermia, acidose e coagulopatia. Fundamenta a estratégia de controle de danos.	ENARE::02_Nucleo trauma
Ácido tranexâmico no trauma	1 g em 10 minutos seguido de 1 g em 8 horas, iniciado em ATÉ 3 HORAS do trauma. Após esse período há risco de aumento da mortalidade.	ENARE::02_Nucleo trauma
Transfusão maciça — proporção	Hemocomponentes em proporção equilibrada 1:1:1 (concentrado de hemácias, plasma e plaquetas). Evitar cristaloide em excesso.	ENARE::02_Nucleo trauma
Hipotensão permissiva — quando NÃO fazer	Contraindicada no traumatismo cranioencefálico e no trauma raquimedular, pela necessidade de manter pressão de perfusão.	ENARE::02_Nucleo trauma
E-FAST — janelas e limitação	Pericárdica, hepatorrenal (Morison), esplenorrenal, pélvica e as janelas pleurais. Detecta líquido livre e pneumotórax, mas NÃO avalia retroperitônio nem lesão de víscera oca.	ENARE::02_Nucleo trauma
Pneumotórax na ultrassonografia	Ausência de deslizamento pleural e ausência de linhas B. O PONTO PULMONAR é o achado que confirma o diagnóstico. Linhas A isoladas não confirmam.	ENARE::02_Nucleo trauma
Lesões de risco imediato à vida na avaliação primária do trauma torácico	Obstrução de via aérea, pneumotórax hipertensivo, pneumotórax aberto, hemotórax maciço, tamponamento cardíaco e lesão traqueobrônquica. Potencialmente fatais (avaliação secundária): contusão pulmonar, contusão miocárdica, ruptura aórtica, ruptura diafragmática, lesão esofágica e tórax instável.	ENARE::02_Nucleo trauma
Hemotórax maciço — definição	Drenagem inicial ≥1.500 mL ou débito de 200 mL/h por 2-4 horas. Indicação de toracotomia.	ENARE::02_Nucleo trauma
Via aérea definitiva — definição	Cânula na traqueia com balonete insuflado, conectada a ventilação com oxigênio e fixada. Inclui tubo orotraqueal, nasotraqueal, cricotireoidostomia CIRÚRGICA e traqueostomia. A cricotireoidostomia por PUNÇÃO não é via aérea definitiva.	ENARE::02_Nucleo trauma
Contraindicações à succinilcolina	Hipercalemia ou risco dela (queimadura e trauma extenso após 48-72h, lesão medular, doença neuromuscular, insuficiência renal com hipercalemia) e história de hipertermia maligna.	ENARE::02_Nucleo trauma
Trauma esplênico — quando NÃO se faz tratamento não operatório	Instabilidade hemodinâmica refratária, peritonite ou outra indicação de laparotomia. O grau tomográfico isolado não determina a cirurgia; o blush arterial indica angioembolização no paciente estável.	ENARE::02_Nucleo trauma
Fratura de bacia instável com choque — sequência	Cinta pélvica (ou lençol) para estabilização temporária, reposição/transfusão, e então angioembolização ou packing pré-peritoneal conforme disponibilidade e padrão de sangramento. Fixação externa pela ortopedia.	ENARE::02_Nucleo trauma
Choque neurogênico — reconhecimento e tratamento	Hipotensão COM bradicardia e pele quente e seca, em lesão medular alta. Tratamento: volume criterioso e vasopressor. Corticoide NÃO tem benefício comprovado.	ENARE::02_Nucleo trauma
Síndrome compartimental de extremidade	A presença de pulso NÃO exclui o diagnóstico. Dor desproporcional e à extensão passiva é o sinal mais precoce. Pressão compartimental >30 mmHg ou delta-P <30. Tratamento: fasciotomia imediata; fratura exposta não protege contra ela.	ENARE::02_Nucleo trauma
Rabdomiólise — diagnóstico e tratamento	CPK >5.000 U/L (alguns usam 1.000) com mioglobinúria. Tratamento: hidratação vigorosa; alcalinização urinária e manitol são adjuvantes discutíveis, não contraindicados.	ENARE::02_Nucleo trauma
Queimadura de via aérea — sinais e conduta	Queimadura facial, vibrissas chamuscadas, rouquidão, estridor, escarro carbonáceo, história de espaço fechado. Indicação de INTUBAÇÃO PRECOCE, antes que o edema se instale — saturação normal não afasta.	ENARE::02_Nucleo trauma
Hérnia inguinal direta × indireta	Indireta: lateral aos vasos epigástricos inferiores, através do anel inguinal interno (persistência do conduto peritoneovaginal). Direta: medial aos vasos epigástricos, pelo triângulo de Hesselbach, por fraqueza da parede posterior.	ENARE::02_Nucleo hernias
Hérnia femoral — características	Abaixo do ligamento inguinal, medial à veia femoral. Mais comum em mulheres e com risco muito maior de encarceramento/estrangulamento — indicação cirúrgica sempre.	ENARE::02_Nucleo hernias
Técnica de Lichtenstein	Reparo anterior aberto, livre de tensão, com tela de polipropileno fixada ao ligamento inguinal, ao tendão conjunto e ao tubérculo púbico, com abertura em cauda para o cordão. Padrão de referência aberto.	ENARE::02_Nucleo hernias
Técnicas de reparo por tecido (sem tela)	Bassini: sutura do tendão conjunto ao ligamento inguinal. Shouldice: imbricação em quatro planos (em 'jaquetão') da fáscia transversalis. McVay: sutura ao ligamento de Cooper — a única que corrige hérnia femoral.	ENARE::02_Nucleo hernias
TEP × TAPP	TEP: totalmente extraperitoneal, não entra na cavidade, curva de aprendizado maior. TAPP: transabdominal pré-peritoneal, permite inspeção da cavidade e é preferível em hérnias encarceradas, recidivadas por via anterior e bilaterais complexas.	ENARE::02_Nucleo hernias
Vantagens da via laparoscópica na hérnia inguinal	Menos dor pós-operatória e retorno mais rápido às atividades; indicação preferencial em hérnia bilateral, recidivada após reparo anterior e em mulheres (maior chance de hérnia femoral oculta).	ENARE::02_Nucleo hernias
Hérnia inguinal encarcerada/estrangulada — conduta	Tentativa cuidadosa de redução se não houver sinais de estrangulamento. Havendo sinais de sofrimento de alça ou irredutibilidade dolorosa, cirurgia de urgência com avaliação da alça. Na contaminação, preferir reparo sem tela sintética ou tela biológica.	ENARE::02_Nucleo hernias
Hérnia incisional — fatores de risco	Obesidade, tabagismo, DPOC, diabetes, desnutrição, infecção de sítio cirúrgico, seroma/hematoma, corticoide, técnica de fechamento inadequada e emergência.	ENARE::02_Nucleo hernias
Fechamento da parede abdominal — técnica que reduz hérnia incisional	Sutura contínua com fio de absorção lenta, pontos pequenos (small bites 5-8 mm, a cada 5 mm) e relação fio/ferida de pelo menos 4:1.	ENARE::02_Nucleo hernias
Separação de componentes	Técnica para fechamento de grandes defeitos: anterior (Ramirez, liberação do oblíquo externo) ou posterior com liberação transversa do abdome (TAR). Permite avanço medial das bainhas.	ENARE::02_Nucleo hernias
Tumor desmoide de parede abdominal	Fibromatose localmente agressiva sem potencial metastático, associada à PAF/Gardner, à gestação e a trauma cirúrgico. Mutação de CTNNB1 (beta-catenina) ou APC. Conduta atual: observação vigilante em muitos casos; ressecção ou terapia sistêmica se progressão/sintomas.	ENARE::02_Nucleo hernias
Sepse-3 — definições	Sepse: disfunção orgânica ameaçadora à vida por resposta desregulada à infecção (aumento ≥2 pontos no SOFA). Choque séptico: necessidade de vasopressor para manter PAM ≥65 mmHg + lactato >2 mmol/L apesar da reposição volêmica. 'Sepse grave' foi abolida.	ENARE::02_Nucleo perioperatorio
Pacote inicial da sepse (1 hora)	Coletar lactato, coletar hemoculturas ANTES do antibiótico, iniciar antibiótico de amplo espectro, iniciar cristaloide 30 mL/kg na hipotensão ou lactato ≥4, e vasopressor (noradrenalina de escolha) se hipotensão persistente.	ENARE::02_Nucleo perioperatorio
Controle do foco na sepse cirúrgica	Deve ser realizado o mais precocemente possível, idealmente em até 6-12 horas. Antibiótico sem controle do foco não resolve.	ENARE::02_Nucleo perioperatorio
Antibioticoprofilaxia — cirurgia limpa e cirurgia colorretal	Limpa/limpa-contaminada padrão: cefazolina. Colorretal: cefazolina + metronidazol OU cefoxitina, associada ao preparo mecânico com antibiótico oral (neomicina/eritromicina ou metronidazol).	ENARE::02_Nucleo perioperatorio
Classificação das feridas cirúrgicas	Limpa (~1-2% de infecção), potencialmente contaminada (~5-10%), contaminada (~15-20%) e infecta/suja (>30%).	ENARE::02_Nucleo perioperatorio
Fases da cicatrização	Inflamatória (0-3 dias, neutrófilos e depois macrófagos — o MACRÓFAGO é a célula central), proliferativa/fibroblástica (3 dias a 3 semanas, colágeno III) e remodelação/maturação (até 1 ano, substituição por colágeno I). A ferida recupera no máximo ~80% da força tênsil original.	ENARE::02_Nucleo perioperatorio
Fios cirúrgicos — absorvíveis × inabsorvíveis	Absorvíveis: categute, poliglactina (Vicryl), poliglecaprone (Monocryl), polidioxanona (PDS). Inabsorvíveis: náilon, polipropileno, poliéster, seda e algodão.	ENARE::02_Nucleo perioperatorio
Fases de integração do enxerto de pele	Embebição (imbibição plasmática, 24-48h), inosculação (conexão dos vasos, 48-72h) e neovascularização/revascularização.	ENARE::02_Nucleo perioperatorio
Estágios da lesão por pressão	I: eritema não branqueável, pele íntegra. II: perda parcial da espessura com derme exposta. III: perda total da espessura, gordura visível, sem exposição de estruturas profundas. IV: exposição de fáscia, músculo, tendão ou osso. Acrescentam-se as classificações 'não classificável' e 'lesão tissular profunda'.	ENARE::02_Nucleo perioperatorio
Nutrição perioperatória — quem se beneficia de suporte pré-operatório	Desnutrição grave (perda >10-15% em 6 meses, IMC <18,5, albumina baixa com inflamação). Suporte por 7-14 dias, preferencialmente ENTERAL, adiando a cirurgia eletiva quando possível.	ENARE::02_Nucleo perioperatorio
Síndrome de realimentação	Ocorre ao reintroduzir nutrição em desnutridos graves. Marcada por HIPOFOSFATEMIA, além de hipocalemia e hipomagnesemia, com risco de arritmia e insuficiência cardíaca. Prevenir com progressão lenta e reposição de tiamina.	ENARE::02_Nucleo perioperatorio
ERAS — principais pilares	Abreviação do jejum com carboidrato até 2h antes, sem preparo mecânico de rotina, anestesia/analgesia poupadora de opioide, normotermia e euvolemia, sem drenos e sondas de rotina, mobilização e dieta precoces.	ENARE::02_Nucleo perioperatorio
Fístula digestiva — fatores que IMPEDEM o fechamento espontâneo (FRIENDS)	Foreign body (corpo estranho), Radiação, Infecção/inflamação, Epitelização do trajeto, Neoplasia, Distal obstruction (obstrução a jusante) e Steroids. Favorecem o fechamento: trajeto longo, defeito pequeno (<1 cm), baixo débito e ausência de obstrução distal.	ENARE::02_Nucleo perioperatorio
Deiscência de anastomose colorretal — fatores de risco	Anastomose baixa (<7 cm da margem anal), sexo masculino, obesidade, tabagismo, desnutrição, corticoide, radioterapia neoadjuvante, tensão e isquemia da anastomose.	ENARE::02_Nucleo perioperatorio
Acesso venoso central em paciente com coagulopatia	Evitar a via subclávia (não compressível). Preferir jugular interna guiada por ultrassom ou femoral, que são compressíveis.	ENARE::02_Nucleo perioperatorio
Alterações fisiológicas do pneumoperitônio	Redução do retorno venoso e da pré-carga, aumento da resistência vascular sistêmica, redução da complacência pulmonar, hipercapnia com acidose respiratória, aumento da PIC e redução do fluxo renal e esplâncnico.	ENARE::02_Nucleo perioperatorio
Sigilo médico — quando pode ser quebrado	Por dever legal (notificação compulsória), justa causa ou autorização expressa do paciente. A revelação deve se restringir ao estritamente necessário.	ENARE::03_Baratos etica
Paciente com doença transmissível que se recusa a comunicar o parceiro	O médico deve aconselhar e estimular a comunicação. Persistindo a recusa e havendo risco concreto a terceiro identificável, configura-se justa causa para a quebra do sigilo, após esgotar a persuasão.	ENARE::03_Baratos etica
Consentimento em emergência com risco iminente de morte	O médico deve agir para salvar a vida, mesmo sem consentimento. É a exceção clássica à exigência de consentimento prévio.	ENARE::03_Baratos etica
Testemunha de Jeová adulto e capaz recusando transfusão	Fora de risco iminente de morte, a autonomia deve ser respeitada e alternativas buscadas. Em risco iminente de morte, o Código de Ética Médica autoriza o médico a transfundir. Em menor de idade, prevalece a preservação da vida.	ENARE::03_Baratos etica
Termo de consentimento livre e esclarecido — conteúdo obrigatório	Diagnóstico, procedimento proposto, alternativas, riscos e benefícios, prognóstico com e sem o tratamento, e direito de recusa. Deve ser em linguagem acessível e obtido ANTES do procedimento, incluindo a possibilidade de ostomia.	ENARE::03_Baratos etica
Quem deve informar o paciente sobre a cirurgia e seu resultado?	O médico assistente/cirurgião responsável, ao paciente (se capaz) e, com autorização deste, aos familiares. Sigilo se mantém para terceiros não autorizados.	ENARE::03_Baratos etica
Adolescente e autonomia	O menor deve ser ouvido e ter suas escolhas consideradas conforme sua capacidade de discernimento, mas os responsáveis legais respondem pelas decisões. Situações de risco à vida ou de proteção prevalecem.	ENARE::03_Baratos etica
Ortotanásia e distanásia	Ortotanásia: permitir o processo natural de morte, suspendendo tratamentos fúteis e mantendo cuidados paliativos — é eticamente aceita. Distanásia: prolongar o morrer com medidas desproporcionais. Eutanásia é vedada.	ENARE::03_Baratos etica
Diagnóstico de morte encefálica — requisitos	Dois exames clínicos por médicos diferentes (um com formação específica, nenhum da equipe de transplante), teste de apneia e um exame complementar comprobatório, com pré-requisitos de temperatura, PA e ausência de distúrbio metabólico ou drogas depressoras.	ENARE::03_Baratos etica
Resolução CFM 2.429/2025	Atualizou as regras da cirurgia bariátrica, incluindo os critérios para adolescentes. Ponto de atenção: a banca cobra normativas do CFM publicadas no ano anterior à prova — revise o que sair em 2026.	ENARE::03_Baratos etica
Cólica renal — exame de escolha e conduta	TC de abdome sem contraste (padrão-ouro). Analgesia com AINE. Terapia médica expulsiva com alfabloqueador (tansulosina) em cálculos distais de 5-10 mm. Cálculos <5 mm eliminam espontaneamente na maioria dos casos.	ENARE::03_Baratos urologia
Cálculo obstrutivo com infecção (pionefrose) — conduta	Emergência: DESCOMPRESSÃO imediata por cateter duplo J ou nefrostomia percutânea + antibiótico. Não se trata o cálculo no mesmo tempo.	ENARE::03_Baratos urologia
Torção testicular	Dor súbita intensa, náuseas, ausência do reflexo cremastérico, sinal de Prehn NEGATIVO (elevar o testículo não alivia). Janela de salvamento ~6 horas. Doppler auxilia, mas a suspeita clínica indica exploração imediata com orquidopexia bilateral.	ENARE::03_Baratos urologia
Trauma de uretra — sinais e exame	Sangue no meato, hematoma perineal/escrotal, próstata elevada, retenção urinária. NÃO sondar às cegas: uretrografia retrógrada é o padrão-ouro. Uretra posterior associa-se a fratura de bacia; anterior ao trauma a cavaleiro.	ENARE::03_Baratos urologia
Massa testicular sólida em adulto jovem — conduta	Marcadores (alfafetoproteína, beta-hCG, LDH), ultrassonografia e ORQUIECTOMIA RADICAL POR VIA INGUINAL. Biópsia transescrotal é proscrita. Estadiamento com TC. Seminoma não eleva alfafetoproteína.	ENARE::03_Baratos urologia
Câncer de próstata — rastreamento e diagnóstico	PSA e toque retal em discussão compartilhada a partir dos 50 anos (45 se afrodescendente ou história familiar). Ressonância multiparamétrica antes da biópsia. Estratificação por PSA, Gleason/ISUP e estádio clínico. Baixo risco: vigilância ativa.	ENARE::03_Baratos urologia
Nódulo de tireoide — investigação	TSH e ultrassonografia. TSH baixo: cintilografia (nódulo quente raramente é maligno). TSH normal/alto: punção aspirativa conforme o padrão ultrassonográfico (TI-RADS) e o tamanho. Resultado pelo sistema Bethesda.	ENARE::03_Baratos endocrino_cp
Sistema Bethesda — categorias e conduta	I não diagnóstico (repetir). II benigno (seguimento). III atipia indeterminada (repetir/molecular). IV suspeito de neoplasia folicular (lobectomia). V suspeito de malignidade. VI maligno (tireoidectomia).	ENARE::03_Baratos endocrino_cp
Carcinoma papilífero de tireoide	Mais comum. Dissemina por via LINFÁTICA para linfonodos cervicais. Tireoidectomia total nos tumores >4 cm, multifocais, com extensão extratireoidiana ou linfonodo positivo; lobectomia é aceitável em tumores <4 cm de baixo risco. Microcarcinoma de baixo risco pode ser vigiado.	ENARE::03_Baratos endocrino_cp
Carcinoma folicular × papilífero — disseminação	Folicular: hematogênica (pulmão e osso); o diagnóstico exige invasão capsular ou vascular na histologia, não sendo possível pela punção.	ENARE::03_Baratos endocrino_cp
Carcinoma medular de tireoide	Origem nas células C parafoliculares. Marcador: calcitonina (e CEA). Associado à NEM-2. Pesquisar mutação RET e EXCLUIR FEOCROMOCITOMA antes de operar. Tireoidectomia total com esvaziamento central.	ENARE::03_Baratos endocrino_cp
Complicações da tireoidectomia total	Hipocalcemia por hipoparatireoidismo (parestesia perioral, Chvostek, Trousseau) e disfonia por lesão do nervo laríngeo recorrente. Lesão bilateral do recorrente causa obstrução de via aérea.	ENARE::03_Baratos endocrino_cp
Hiperparatireoidismo primário — causa e indicação cirúrgica	Adenoma único em ~85%. Cirurgia se sintomático, ou assintomático com cálcio >1 mg/dL acima do normal, idade <50 anos, clearance <60, osteoporose/fratura ou nefrolitíase.	ENARE::03_Baratos endocrino_cp
Feocromocitoma — diagnóstico e preparo	Metanefrinas livres plasmáticas ou metanefrinas fracionadas na urina de 24h. Preparo: BLOQUEIO ALFA primeiro (fenoxibenzamina/doxazosina) por 7-14 dias com expansão volêmica e liberalização de sal; betabloqueador só DEPOIS, se taquicardia. Inverter a ordem provoca crise hipertensiva.	ENARE::03_Baratos endocrino_cp
Incidentaloma adrenal — abordagem	Avaliar se é funcionante (metanefrinas, cortisol após 1 mg de dexametasona, e relação aldosterona/renina se hipertenso) e se há suspeita de malignidade (>4 cm, densidade >10 UH sem contraste, washout lento, bordas irregulares). Funcionante ou suspeito: adrenalectomia.	ENARE::03_Baratos endocrino_cp
Tumores hepáticos benignos — principais características	Hemangioma: o mais comum, captação globular periférica com preenchimento centrípeto, tratamento conservador. Hiperplasia nodular focal: cicatriz central, sem risco, conservador. Adenoma: associado a anticoncepcional e anabolizantes, MAIOR RISCO DE SANGRAMENTO e de malignização.	ENARE::03_Baratos figado
Adenoma hepatocelular — subtipos e risco	Subtipo com ativação da beta-catenina tem o MAIOR risco de transformação maligna. Subtipo inflamatório é o mais comum e o de maior risco de sangramento. Ressecção se >5 cm, sexo masculino, beta-catenina positivo ou sintomático.	ENARE::03_Baratos figado
Abscesso hepático piogênico — germes e tratamento	E. coli e Klebsiella pneumoniae. Tratamento: antibiótico + drenagem percutânea guiada por imagem quando >3-5 cm. Cirurgia é exceção.	ENARE::03_Baratos figado
Abscesso amebiano — como diferenciar e tratar	Único, lobo direito, jovem, história epidemiológica, sorologia positiva; conteúdo em 'pasta de anchovas'. Tratamento clínico com metronidazol; drenagem apenas se grande, risco de ruptura ou falha terapêutica.	ENARE::03_Baratos figado
HDA varicosa — tratamento	Droga vasoativa precoce (terlipressina/octreotide) ANTES da endoscopia, antibiótico profilático (ceftriaxona), ligadura elástica em até 12h e transfusão RESTRITIVA (alvo de hemoglobina 7-8 g/dL). TIPS precoce nos de alto risco; balão só como ponte.	ENARE::03_Baratos figado
Contraindicação relativa à terlipressina	Doença arterial coronariana e vasculopatia periférica significativa, pelo risco isquêmico.	ENARE::03_Baratos figado
Risco cirúrgico no cirrótico	Estratificado por Child-Pugh e MELD. Child C e MELD alto contraindicam cirurgia eletiva. Avaliar ascite, plaquetopenia, encefalopatia e hipertensão portal clinicamente significativa.	ENARE::03_Baratos figado
Isquemia mesentérica aguda — exame de escolha e causa mais comum	Angiotomografia de abdome. Causa mais comum: embolia da artéria mesentérica superior (fibrilação atrial). Marca clínica: dor DESPROPORCIONAL ao exame físico. A camada mucosa é a primeira a sofrer.	ENARE::04_Cauda cauda
Isquemia mesentérica — conduta	Anticoagulação plena, ressuscitação e revascularização (embolectomia ou endovascular) com laparotomia para avaliar a viabilidade intestinal, frequentemente com second look em 24-48h. Pneumatose e sinais de necrose indicam cirurgia imediata.	ENARE::04_Cauda cauda
Obstrução intestinal por bridas — quando operar	Sinais de estrangulamento (dor contínua, febre, taquicardia, leucocitose, acidose, peritonite) ou falha do tratamento conservador em 48-72 horas. Contraste hidrossolúvel via sonda tem valor diagnóstico e terapêutico.	ENARE::04_Cauda cauda
Apendicite aguda — causa da obstrução luminal	Fecalito/apendicolito no adulto; hiperplasia linfoide na criança e no adolescente.	ENARE::04_Cauda cauda
Apendicite na gestante	Apendicectomia LAPAROSCÓPICA é segura em qualquer trimestre. Ultrassonografia primeiro; ressonância se inconclusiva. A perfuração aumenta muito a perda fetal — não postergar.	ENARE::04_Cauda cauda
Abscesso/fleimão apendicular — conduta	Antibiótico + drenagem percutânea quando o abscesso é acessível. Apendicectomia de intervalo é discutida; em adultos acima de 40 anos, investigar o cólon com colonoscopia depois.	ENARE::04_Cauda cauda
Derrame pleural — quando drenar	Empiema (pus), Gram/cultura positivos, pH <7,2, glicose <60 mg/dL ou LDH muito elevada (derrame parapneumônico complicado). ADA >40 U/L sugere tuberculose.	ENARE::04_Cauda cauda
Pneumotórax espontâneo primário — quando indicar cirurgia	Segundo episódio, primeiro episódio com escape aéreo persistente (>3-5 dias), hemopneumotórax, bilateralidade, profissões de risco (piloto, mergulhador) ou pneumotórax hipertensivo. Tratamento: pleurodese com bulectomia por videotoracoscopia.	ENARE::04_Cauda cauda
Câncer de pulmão — tipos	Adenocarcinoma é o mais frequente e tipicamente PERIFÉRICO. Carcinoma escamoso é central e associado a hipercalcemia. Pequenas células: central, agressivo, dissemina cedo, tratamento sistêmico (raramente cirúrgico).	ENARE::04_Cauda cauda
Trombose venosa profunda — diagnóstico	Estratificar pelo escore de Wells. Baixa probabilidade: D-dímero (alto valor preditivo negativo). Probabilidade intermediária/alta: ultrassonografia com Doppler, o método não invasivo de escolha.	ENARE::04_Cauda cauda
Profilaxia de TVP em cirurgia oncológica abdominopélvica	Enoxaparina 40 mg/dia (ou HNF) iniciada no perioperatório e ESTENDIDA por 28 dias após a alta, associada a medidas mecânicas.	ENARE::04_Cauda cauda
Isquemia arterial aguda de membro — os 6 P e conduta	Pain, Pallor, Pulselessness, Paresthesia, Paralysis, Poikilothermia. Conduta: anticoagulação plena imediata + revascularização de urgência (embolectomia com cateter de Fogarty ou endovascular). Paralisia e anestesia indicam ameaça iminente.	ENARE::04_Cauda cauda
Esplenectomia — vacinas e momento	Pneumococo, meningococo e Haemophilus influenzae tipo b, idealmente 14 dias ANTES da cirurgia eletiva ou 14 dias após a de urgência. Vacina anual de influenza. Risco vitalício de sepse fulminante por germes encapsulados (OPSI).	ENARE::04_Cauda cauda
Trombocitose pós-esplenectomia	Comum e geralmente transitória. Antiagregação (AAS) é considerada com plaquetas muito elevadas; anticoagulação plena de rotina NÃO é indicada.	ENARE::04_Cauda cauda
Abscesso perianal — tratamento	DRENAGEM cirúrgica imediata. Antibiótico isolado não resolve. Localização mais comum: perianal, seguida da isquiorretal. Cerca de um terço a metade evolui para fístula.	ENARE::04_Cauda cauda
Fissura anal — tratamento	Crônica: medidas locais, banho de assento, bloqueador de canal de cálcio ou nitrato tópicos, toxina botulínica. Refratária: esfincterotomia lateral interna (padrão-ouro), com risco de incontinência.	ENARE::04_Cauda cauda
Cirurgia bariátrica — indicações clássicas	IMC ≥40, ou ≥35 com comorbidade. Diretrizes recentes (ASMBS/IFSO) admitem IMC ≥35 independentemente de comorbidade e ≥30 com diabetes tipo 2 não controlado.	ENARE::04_Cauda cauda
Fístula pós-gastrectomia vertical — localização e conduta	Mais frequente no ângulo de His (porção proximal da linha de grampeamento). Estável: drenagem + antibiótico + prótese/terapia endoscópica a vácuo + nutrição. Instável ou peritonite: reabordagem cirúrgica com lavagem e drenagem.	ENARE::04_Cauda cauda
Complicação mais temida do Bypass gástrico no pós-operatório precoce	Fístula da anastomose gastrojejunal. Taquicardia persistente é o sinal mais precoce e sensível — na instabilidade, reabordar sem esperar exame de imagem.	ENARE::04_Cauda cauda
Gastrosquise × onfalocele	Gastrosquise: defeito à DIREITA do cordão, sem membrana, poucas anomalias associadas, alças espessadas. Onfalocele: defeito central envolvendo o cordão, COM membrana, alta associação a anomalias congênitas e cromossomopatias — pior prognóstico global.	ENARE::04_Cauda cauda
Estenose hipertrófica de piloro	Lactente de 3-6 semanas, vômitos não biliosos em jato, alcalose metabólica hipoclorêmica e hipocalêmica. Corrigir o distúrbio ANTES de operar. Tratamento: piloromiotomia de Fredet-Ramstedt.	ENARE::04_Cauda cauda
Carcinoma basocelular × epidermoide	Basocelular: mais comum, lesão perolada com telangiectasias, crescimento lento, raramente metastatiza. Epidermoide: lesão ulcerada/crostosa, surge em cicatrizes (úlcera de Marjolin) e áreas de queratose actínica, com potencial metastático.	ENARE::04_Cauda cauda
Infecção necrotizante de partes moles — diagnóstico e tratamento	Dor desproporcional, toxemia, crepitação, bolhas, anestesia cutânea. É diagnóstico CLÍNICO — exame de imagem não deve atrasar. Tratamento: desbridamento cirúrgico AMPLO e precoce + antibiótico de amplo espectro + suporte. Polimicrobiana (tipo I) é a mais frequente.	ENARE::04_Cauda cauda
Sarcoma retroperitoneal	Lipossarcoma é o tipo mais comum. Biópsia percutânea por agulha grossa (não incisional aberta). Tratamento: ressecção em bloco com órgãos aderidos; a qualidade da ressecção é o principal determinante prognóstico. Não faz linfadenectomia de rotina.	ENARE::04_Cauda cauda
Tumor neuroendócrino de intestino delgado	Origem nas células enterocromafins das criptas de Lieberkühn. Marcador: cromogranina A. Síndrome carcinoide (flush, diarreia, doença valvar direita) exige metástase hepática ou tumor extraportal. Reação desmoplásica pode causar obstrução.	ENARE::04_Cauda cauda
CONDUTA: Colecistite aguda Tokyo II, 48h de evolução, bom estado geral	Colecistectomia laparoscópica na mesma internação + antibiótico. Não postergar para eletiva.	ENARE::05_Conduta proximo_passo
CONDUTA: Colecistite aguda em paciente séptico com disfunção orgânica e altíssimo risco (Tokyo III)	Ressuscitação + antibiótico + colecistostomia percutânea. Colecistectomia depois, com o paciente compensado.	ENARE::05_Conduta proximo_passo
CONDUTA: Icterícia + febre + dor em hipocôndrio direito + hipotensão e confusão	Colangite grave (pêntade de Reynolds): ressuscitação, antibiótico e drenagem biliar URGENTE por CPRE.	ENARE::05_Conduta proximo_passo
CONDUTA: Colelitíase com cálculo de 3 mm no colédoco, sem colangite, com Bypass gástrico prévio	O estômago excluso inviabiliza a CPRE convencional: exploração laparoscópica da via biliar com colecistectomia, ou CPRE transgástrica assistida.	ENARE::05_Conduta proximo_passo
CONDUTA: Pancreatite aguda biliar leve, melhorada no 3º dia	Colecistectomia laparoscópica na MESMA internação, com colangiografia intraoperatória conforme o risco de coledocolitíase.	ENARE::05_Conduta proximo_passo
CONDUTA: Pancreatite necrosante com coleção infectada na 3ª semana, paciente estável	Antibiótico e postergar a intervenção para além de 4 semanas; se necessário intervir, começar por drenagem percutânea (step-up), não necrosectomia aberta.	ENARE::05_Conduta proximo_passo
CONDUTA: Dor abdominal intensa desproporcional ao exame, fibrilação atrial, lactato elevado, pneumatose na TC	Isquemia mesentérica aguda com sofrimento intestinal: anticoagulação + laparotomia exploradora imediata com revascularização e avaliação de viabilidade. Não observar nem repetir exame.	ENARE::05_Conduta proximo_passo
CONDUTA: Abdome agudo obstrutivo por tumor de reto estenosante, distensão e ceco de 13 cm	Risco iminente de perfuração cecal. Descompressão urgente: cirurgia (colostomia/ressecção conforme achado) ou stent como ponte em casos selecionados.	ENARE::05_Conduta proximo_passo
CONDUTA: Perfuração de ceco por obstrução distal de tumor retal estenosante, com peritonite	Colectomia total (ou subtotal) com ileostomia. Rafia cecal isolada é inadequada porque a obstrução distal persiste.	ENARE::05_Conduta proximo_passo
CONDUTA: Diverticulite Hinchey II com abscesso pélvico de 6 cm	Drenagem percutânea guiada por imagem + antibiótico. Cirurgia só se falhar.	ENARE::05_Conduta proximo_passo
CONDUTA: Diverticulite com peritonite fecal difusa e instabilidade	Cirurgia de Hartmann (ressecção com colostomia terminal).	ENARE::05_Conduta proximo_passo
CONDUTA: Volvo de sigmoide sem sinais de sofrimento de alça	Descompressão endoscópica seguida de sigmoidectomia eletiva na mesma internação.	ENARE::05_Conduta proximo_passo
CONDUTA: Politraumatizado instável, FAST positivo no abdome	Laparotomia imediata. Não solicitar tomografia em instável.	ENARE::05_Conduta proximo_passo
CONDUTA: Politraumatizado estável, FAST positivo	Tomografia de abdome com contraste para caracterizar a lesão e considerar tratamento não operatório.	ENARE::05_Conduta proximo_passo
CONDUTA: Trauma abdominal fechado com lesão esplênica grau IV, estável, com blush arterial na TC	Angioembolização e manutenção do tratamento não operatório com monitorização.	ENARE::05_Conduta proximo_passo
CONDUTA: Intubado no trauma com murmúrio reduzido à direita, saturação 91%, hemodinamicamente estável	Reavaliar o posicionamento do tubo antes de qualquer outra intervenção (intubação seletiva do brônquio-fonte direito é a causa mais provável).	ENARE::05_Conduta proximo_passo
CONDUTA: Queimadura de face com vibrissas chamuscadas, rouquidão e saturação normal	Intubação orotraqueal PRECOCE. Saturação normal não exclui a lesão inalatória.	ENARE::05_Conduta proximo_passo
CONDUTA: Trauma com hipotensão, bradicardia, pele quente, tetraparesia	Choque neurogênico: volume criterioso + vasopressor. Não iniciar transfusão maciça nem corticoide.	ENARE::05_Conduta proximo_passo
CONDUTA: Ferimento perfurante abdominal com evisceração ou instabilidade	Laparotomia exploradora imediata.	ENARE::05_Conduta proximo_passo
CONDUTA: HDA com hematêmese volumosa e instabilidade persistente após ressuscitação	Endoscopia digestiva alta de URGÊNCIA, acionando o endoscopista de sobreaviso. Não aguardar o dia seguinte.	ENARE::05_Conduta proximo_passo
CONDUTA: Úlcera com vaso visível não sangrante (Forrest IIa)	Terapia endoscópica combinada (adrenalina + método térmico ou clipe) e inibidor de bomba de prótons em infusão.	ENARE::05_Conduta proximo_passo
CONDUTA: Corpo estranho pontiagudo já no intestino delgado, paciente assintomático	Acompanhamento com radiografias seriadas. Cirurgia apenas se houver sintomas, sinais de perfuração ou falha de progressão.	ENARE::05_Conduta proximo_passo
CONDUTA: Pólipo colônico ressecado com adenocarcinoma invasor, margem livre, bem diferenciado, sem invasão linfovascular	Seguimento endoscópico. Colectomia não é necessária se todos os critérios de bom prognóstico estão preenchidos.	ENARE::05_Conduta proximo_passo
CONDUTA: Pólipo com carcinoma POUCO diferenciado invadindo a submucosa	Ressecção oncológica segmentar (colectomia), pelo risco de acometimento linfonodal.	ENARE::05_Conduta proximo_passo
CONDUTA: Adenocarcinoma de reto médio, cT3N1	Neoadjuvância (quimiorradioterapia / TNT) seguida de reestadiamento e excisão total do mesorreto.	ENARE::05_Conduta proximo_passo
CONDUTA: Nódulo tireoidiano de 2 cm com Bethesda VI (maligno)	Tireoidectomia — total ou lobectomia conforme o tamanho, a multifocalidade e o risco. Esvaziamento cervical se linfonodo comprometido.	ENARE::05_Conduta proximo_passo
CONDUTA: Massa adrenal com metanefrinas elevadas	Bloqueio ALFA-adrenérgico por 7-14 dias com expansão volêmica, acrescentar betabloqueador só depois se taquicardia, e então adrenalectomia.	ENARE::05_Conduta proximo_passo
CONDUTA: Cálculo ureteral obstrutivo com febre e sepse	Descompressão urgente (duplo J ou nefrostomia) + antibiótico. Não tratar o cálculo neste momento.	ENARE::05_Conduta proximo_passo
CONDUTA: Adolescente com dor testicular súbita há 4 horas, reflexo cremastérico ausente	Exploração cirúrgica IMEDIATA com orquidopexia bilateral. Não atrasar por exame de imagem.	ENARE::05_Conduta proximo_passo
CONDUTA: Hérnia inguinal encarcerada irredutível com dor intensa há 2 horas	Cirurgia de urgência com avaliação da viabilidade do conteúdo herniário.	ENARE::05_Conduta proximo_passo
CONDUTA: 3º dia de pós-operatório de Bypass gástrico com taquicardia e taquipneia persistentes, sem melhora com volume e antibiótico	Suspeita de fístula: reabordagem cirúrgica. Em instabilidade não se espera exame de imagem.	ENARE::05_Conduta proximo_passo
CONDUTA: 6º dia de pós-operatório de apendicectomia aberta com dor na ferida, secreção fétida e febre, sem irritação peritoneal	Infecção de sítio cirúrgico incisional: abertura e limpeza da ferida + antibiótico. Não reabordar a cavidade.	ENARE::05_Conduta proximo_passo
CONDUTA: 2º dia de pós-operatório com dor intensa na ferida, enfisema subcutâneo e toxemia	Suspeita de infecção necrotizante (clostrídios/estreptococo beta-hemolítico): desbridamento cirúrgico amplo imediato + antibiótico.	ENARE::05_Conduta proximo_passo
CONDUTA: Fístula enterocutânea de baixo débito, sem obstrução distal e sem sepse	Tratamento conservador: controle do foco e da pele, suporte nutricional, correção hidroeletrolítica. Boa chance de fechamento espontâneo.	ENARE::05_Conduta proximo_passo
CONDUTA: Hepatocarcinoma único de 4 cm em cirrótico Child B	Avaliar transplante hepático (dentro dos critérios de Milão). A ressecção fica reservada aos Child A com boa função e sem hipertensão portal significativa.	ENARE::05_Conduta proximo_passo
CONDUTA: Icterícia obstrutiva indolor com perda ponderal e massa na cabeça do pâncreas	Estadiar com TC de abdome em protocolo pancreático; se ressecável, duodenopancreatectomia. Drenagem biliar pré-operatória apenas se colangite, icterícia muito prolongada ou neoadjuvância planejada.	ENARE::05_Conduta proximo_passo
CONDUTA: Distensão abdominal maciça sem obstrução mecânica em paciente idoso usando neurolépticos	Síndrome de Ogilvie: corrigir eletrólitos, suspender drogas implicadas, considerar neostigmina e descompressão colonoscópica.	ENARE::05_Conduta proximo_passo
CONDUTA: Paciente séptico de foco abdominal com hipotensão refratária a volume	Noradrenalina + antibiótico precoce + CONTROLE DO FOCO cirúrgico ou percutâneo o mais rápido possível.	ENARE::05_Conduta proximo_passo
TNM — o que significa cada componente	T: extensão do tumor primário (profundidade de invasão na maioria dos tumores digestivos). N: linfonodos REGIONAIS acometidos. M: metástase a distância. Prefixos: c clínico, p patológico, y pós-neoadjuvância, r recidiva.	ENARE::02_Nucleo oncologia_geral
TNM do câncer gástrico — invasão por T	T1a mucosa, T1b submucosa, T2 muscular própria, T3 subserosa, T4a serosa (peritônio visceral), T4b estruturas adjacentes. N1: 1-2 linfonodos, N2: 3-6, N3: 7 ou mais.	ENARE::02_Nucleo oncologia_geral
Marcadores tumorais e suas neoplasias	CEA: colorretal (seguimento). CA 19-9: pâncreas e via biliar. Alfafetoproteína: hepatocarcinoma e tumor germinativo não seminomatoso. Beta-hCG: coriocarcinoma e germinativos. Cromogranina A: neuroendócrinos. CA 125: ovário. Nenhum serve para rastreamento populacional.	ENARE::02_Nucleo oncologia_geral
Neoadjuvância — objetivos	Reduzir o volume tumoral e aumentar a chance de ressecção R0, tratar micrometástases precocemente, testar a biologia tumoral e permitir preservação de órgão. Padrão no reto localmente avançado, esôfago e junção esofagogástrica, e no gástrico avançado (perioperatória).	ENARE::02_Nucleo oncologia_geral
Ressecção R0, R1 e R2	R0: margens microscopicamente livres. R1: margem comprometida microscopicamente. R2: doença residual macroscópica. R0 é o principal determinante prognóstico modificável pelo cirurgião.	ENARE::02_Nucleo oncologia_geral
Linfonodo sentinela — princípio e onde é usado	Primeiro linfonodo de drenagem do tumor; se negativo, dispensa a linfadenectomia completa. Consolidado em mama e melanoma. Em tumores digestivos permanece experimental (exceto protocolos de câncer gástrico precoce).	ENARE::02_Nucleo oncologia_geral
Carcinogênese — etapas	Iniciação (dano genético irreversível), promoção (expansão clonal, reversível) e progressão (instabilidade genômica, invasão e metástase).	ENARE::02_Nucleo oncologia_geral
Sequência adenoma-carcinoma no colorretal	APC (iniciação, perda do gene supressor) → KRAS (promoção) → perda de 18q/SMAD4 → TP53 (progressão). Via alternativa: instabilidade de microssatélites (Lynch e esporádica por metilação do MLH1) e via serrilhada com BRAF.	ENARE::02_Nucleo oncologia_geral
Carcinoma epidermoide do canal anal — tratamento	Quimiorradioterapia (protocolo de Nigro: 5-FU + mitomicina + radioterapia) é o tratamento de escolha. A ressecção abdominoperineal fica reservada à doença residual ou recidivada.	ENARE::02_Nucleo oncologia_geral
Metástase hepática de câncer colorretal — princípio de ressecabilidade	Não é o número de lesões: o que define é a possibilidade de ressecção completa com futuro remanescente hepático adequado (≥20-30% conforme a função) e preservação da vascularização e drenagem biliar.	ENARE::02_Nucleo oncologia_geral
Ramos do tronco celíaco	Gástrica esquerda, esplênica e hepática comum. É o PRIMEIRO ramo ventral da aorta abdominal (nível de T12).	ENARE::02_Nucleo anatomia
Ramos da artéria mesentérica superior	Pancreatoduodenal inferior, jejunais e ileais, ileocólica, cólica direita e cólica média. Irriga do duodeno distal até o terço proximal do cólon transverso.	ENARE::02_Nucleo anatomia
Ramos da artéria mesentérica inferior	Cólica esquerda, sigmoideas e retal superior. Irriga do terço distal do transverso ao reto alto.	ENARE::02_Nucleo anatomia
Formação da veia porta	União da veia MESENTÉRICA SUPERIOR com a veia ESPLÊNICA, atrás do colo do pâncreas. A mesentérica inferior drena habitualmente na esplênica.	ENARE::02_Nucleo anatomia
Variação anatômica arterial hepática mais frequente	Artéria hepática direita acessória ou substituta originada da mesentérica superior (passa posterolateral à via biliar), e artéria hepática esquerda originada da gástrica esquerda (no ligamento gastro-hepático).	ENARE::02_Nucleo anatomia
Irrigação da cabeça do pâncreas e do duodeno	Arcadas pancreatoduodenais anterior e posterior, formadas pela pancreatoduodenal SUPERIOR (ramo da artéria gastroduodenal) e pela pancreatoduodenal INFERIOR (ramo da mesentérica superior).	ENARE::02_Nucleo anatomia
Canal anal cirúrgico × anatômico	Cirúrgico: do anel anorretal (borda superior do esfíncter interno / puborretal) à borda anal, cerca de 4 cm. Anatômico: da linha pectínea à borda anal, cerca de 2 cm. A linha pectínea separa drenagem/inervação: acima, visceral e portal; abaixo, somática e sistêmica.	ENARE::02_Nucleo anatomia
Nódulo mamário palpável em mulher acima de 40 anos	Mamografia + ultrassonografia e biópsia por agulha grossa (core biopsy). Exame de imagem normal NÃO afasta câncer diante de nódulo clinicamente suspeito.	ENARE::04_Cauda mama_video_torax
Cirurgia conservadora da mama — requisito	Margens livres ('no ink on tumor' no carcinoma invasor) associada a radioterapia adjuvante. Relação tumor/mama adequada e ausência de contraindicação à radioterapia.	ENARE::04_Cauda mama_video_torax
Pneumoperitônio — pressão de trabalho recomendada	12-15 mmHg em adultos (a maioria dos serviços usa 12). Pressões acima de 15 mmHg aumentam repercussões hemodinâmicas e ventilatórias sem benefício.	ENARE::04_Cauda mama_video_torax
Embolia gasosa durante laparoscopia — conduta	Suspender a insuflação, desfazer o pneumoperitônio, colocar o paciente em decúbito lateral ESQUERDO com cabeceira baixa (posição de Durant), oxigênio a 100% e aspiração pelo cateter central se disponível.	ENARE::04_Cauda mama_video_torax
Contraindicação ABSOLUTA à laparoscopia	Instabilidade hemodinâmica que não permita o pneumoperitônio. Obesidade, gestação, cirurgia prévia e peritonite difusa são contraindicações RELATIVAS ou nem isso.	ENARE::04_Cauda mama_video_torax
Quilotórax pós-esofagectomia	Drenagem de líquido leitoso rico em triglicerídeos (>110 mg/dL) e quilomícrons. Conduta inicial: dieta com triglicerídeos de cadeia média ou jejum com nutrição parenteral e octreotide; débito alto persistente (>1 L/dia por 5 dias) indica ligadura do ducto torácico.	ENARE::04_Cauda mama_video_torax
Cetamina, propofol e etomidato — perfil hemodinâmico	Cetamina: aumenta PA e FC e broncodilata (boa no instável/broncoespasmo). Propofol: hipotensão e dor à injeção. Etomidato: estabilidade hemodinâmica, mas supressão adrenal com uso prolongado e mioclonias.	ENARE::02_Nucleo perioperatorio
Succinilcolina × bloqueadores não despolarizantes	Succinilcolina é DESPOLARIZANTE, de início e duração ultracurtos, com risco de hipercalemia e hipertermia maligna. Rocurônio é não despolarizante e alternativa na sequência rápida (reversível pelo sugamadex).	ENARE::02_Nucleo perioperatorio
Ventilação protetora	Volume corrente 6 mL/kg de peso predito, pressão de platô <30 cmH2O, driving pressure <15, PEEP titulada e hipercapnia permissiva. Reduz mortalidade na SDRA e complicações pulmonares no perioperatório.	ENARE::02_Nucleo perioperatorio
Hipocalemia no pós-operatório — causas e cuidado	Perdas por sonda nasogástrica, fístulas, diuréticos e alcalose. Corrigir a hipomagnesemia associada, sem a qual o potássio não normaliza.	ENARE::02_Nucleo perioperatorio
